{
"lengthUnit": "mil",
"components": {
	"fields": ["COMPONENT_NO", "COMPONENT_NAME", "LAYER", "X_COORDINATE", "Y_COORDINATE", "ANGLE"],
	"rows": [
		[1, "BUZZER1", "T", 1315, -1665, 90],
		[2, "C1", "T", 789.22, -460.74, 180],
		[3, "C2", "T", 440, -160, 270],
		[4, "C3", "T", 510, -160, 270],
		[5, "C4", "T", 969.22, -715.74, 0],
		[6, "C5", "T", 1055, -1730, 0],
		[7, "C6", "T", 590, -935, 270],
		[8, "C7", "T", 1070, -520, 180],
		[9, "C8", "T", 795, -1005, 90],
		[10, "C9", "T", 925, -1285, 270],
		[11, "C10", "T", 1110.32, -833.99, 180],
		[12, "C11", "T", 105, -1805, 0],
		[13, "C12", "T", 105, -1875, 0],
		[14, "D1", "T", 1070, -335, 270],
		[15, "D2", "T", 1090, -1600, 270],
		[16, "D3", "T", 1050, -1285, 270],
		[17, "H1", "T", 650, -1865, 180],
		[18, "L1", "T", 929.22, -610.74, 270],
		[19, "LED1", "T", 1420, -915, 270],
		[20, "Q1", "T", 965, -1575, 270],
		[21, "R1", "T", 1100, -85, 90],
		[22, "R2", "T", 674.22, -620.74, 270],
		[23, "R3", "T", 1334.8, -254.89, 0],
		[24, "R4", "T", 1335, -190, 180],
		[25, "R5", "T", 749.22, -750.74, 270],
		[26, "R6", "T", 809.22, -750.74, 90],
		[27, "R7", "T", 1165, -85, 270],
		[28, "R8", "T", 869.22, -750.74, 90],
		[29, "R9", "T", 1310, -685, 0],
		[30, "R10", "T", 495, -1040, 90],
		[31, "R11", "T", 490, -795, 270],
		[32, "R12", "T", 925, -1710, 90],
		[33, "R13", "T", 1165, -1285, 270],
		[34, "R14", "T", 790, -1380, 0],
		[35, "R15", "T", 790, -1290, 180],
		[36, "R16", "T", 790, -1470, 0],
		[37, "R17", "T", 1165, -1165, 90],
		[38, "R18", "T", 185, -535, 270],
		[39, "R19", "T", 1215, -1000, 90],
		[40, "R20", "T", 1215.32, -878.99, 90],
		[41, "R21", "T", 1125, -1865, 180],
		[42, "R22", "T", 1330, -880, 270],
		[43, "SW1", "T", 250, -915, 90],
		[44, "SW2", "T", 85, -140, 90],
		[45, "SW3", "T", 85, -380, 90],
		[46, "U1", "T", 1335, -350, 90],
		[47, "U2", "T", 445, -465, 0],
		[48, "U3", "T", 790, -620, 0],
		[49, "U4", "T", 695, -950, 270],
		[50, "U5", "T", 1255, -520, 270],
		[51, "U6", "T", 1115, -955, 0],
		[52, "U7", "T", 440, -1495, 90],
		[53, "USB1", "T", 748.03, -157.48, 180],
		[54, "USB2", "T", 1345, -1265, 90],
		[55, "X1", "T", 290, -165, 180]
	]
},
"pins": {
	"fields": ["PIN_NO", "PIN_NAME", "PIN_X", "PIN_Y", "LAYER", "PIN_TYPE", "NET_NAME", "NET_TYPE", "PAD_SHAPE", "PAD_SIZEX", "PAD_SIZEY", "HOLE_SIZE", "PAD_ANGLE"],
	"rows": [
		[1, "BUZZER1_1", 1439.01, -1540.99, "T", "SMD", "+3.3V", "", "R", 70.87, 70.87, 0, 90],
		[2, "BUZZER1_2", 1190.99, -1540.99, "T", "SMD", "$1N16007", "", "R", 70.87, 70.87, 0, 90],
		[3, "BUZZER1_3", 1190.99, -1789.01, "T", "SMD", "BUZZER1_3", "", "R", 70.87, 70.87, 0, 90],
		[4, "BUZZER1_4", 1439.01, -1789.01, "T", "SMD", "BUZZER1_4", "", "R", 70.87, 70.87, 0, 90],
		[5, "C1_1", 851.92, -460.74, "T", "SMD", "GND", "GND", "R", 58.47, 68.03, 0, 180],
		[6, "C1_2", 726.52, -460.74, "T", "SMD", "+5V", "", "R", 58.47, 68.03, 0, 180],
		[7, "C2_1", 440, -132.44, "T", "SMD", "GND", "GND", "R", 31.5, 35.43, 0, 270],
		[8, "C2_2", 440, -187.56, "T", "SMD", "$1N4231", "", "R", 31.5, 35.43, 0, 270],
		[9, "C3_1", 510, -132.44, "T", "SMD", "GND", "GND", "R", 31.5, 35.43, 0, 270],
		[10, "C3_2", 510, -187.56, "T", "SMD", "$1N4195", "", "R", 31.5, 35.43, 0, 270],
		[11, "C4_1", 941.66, -715.74, "T", "SMD", "+3.3V", "", "R", 31.5, 35.43, 0, 0],
		[12, "C4_2", 996.78, -715.74, "T", "SMD", "GND", "GND", "R", 31.5, 35.43, 0, 0],
		[13, "C5_1", 1027.44, -1730, "T", "SMD", "GND", "GND", "R", 31.5, 35.43, 0, 0],
		[14, "C5_2", 1082.56, -1730, "T", "SMD", "+3.3V", "", "R", 31.5, 35.43, 0, 0],
		[15, "C6_1", 590, -907.44, "T", "SMD", "GND", "GND", "R", 31.5, 35.43, 0, 270],
		[16, "C6_2", 590, -962.56, "T", "SMD", "+3.3V", "", "R", 31.5, 35.43, 0, 270],
		[17, "C7_1", 1097.56, -520, "T", "SMD", "+3.3V", "", "R", 31.5, 35.43, 0, 180],
		[18, "C7_2", 1042.44, -520, "T", "SMD", "GND", "GND", "R", 31.5, 35.43, 0, 180],
		[19, "C8_1", 795, -1032.56, "T", "SMD", "GND", "GND", "R", 31.5, 35.43, 0, 90],
		[20, "C8_2", 795, -977.44, "T", "SMD", "+3.3V", "", "R", 31.5, 35.43, 0, 90],
		[21, "C9_1", 925, -1245.63, "T", "SMD", "GND", "GND", "R", 55.51, 53.15, 0, 270],
		[22, "C9_2", 925, -1324.37, "T", "SMD", "OUT+5V", "", "R", 55.51, 53.15, 0, 270],
		[23, "C10_1", 1137.88, -833.99, "T", "SMD", "GND", "GND", "R", 31.5, 35.43, 0, 180],
		[24, "C10_2", 1082.76, -833.99, "T", "SMD", "OUT_SUPPLY+5V", "", "R", 31.5, 35.43, 0, 180],
		[25, "C11_1", 77.44, -1805, "T", "SMD", "GND", "GND", "R", 31.5, 35.43, 0, 0],
		[26, "C11_2", 132.56, -1805, "T", "SMD", "+3.3V", "", "R", 31.5, 35.43, 0, 0],
		[27, "C12_1", 77.44, -1875, "T", "SMD", "GND", "GND", "R", 31.5, 35.43, 0, 0],
		[28, "C12_2", 132.56, -1875, "T", "SMD", "+3.3V", "", "R", 31.5, 35.43, 0, 0],
		[29, "D1_1", 1070, -232.98, "T", "SMD", "GND", "GND", "R", 80.61, 88.23, 0, 270],
		[30, "D1_2", 1070, -437.02, "T", "SMD", "USB+5V", "", "R", 80.61, 88.23, 0, 270],
		[31, "D2_1", 1090, -1536.61, "T", "SMD", "$1N16007", "", "R", 34.65, 37.8, 0, 90],
		[32, "D2_2", 1090, -1663.39, "T", "SMD", "+3.3V", "", "R", 34.65, 37.8, 0, 90],
		[33, "D3_1", 1050, -1182.98, "T", "SMD", "GND", "GND", "R", 80.61, 88.23, 0, 270],
		[34, "D3_2", 1050, -1387.02, "T", "SMD", "OUT+5V", "", "R", 80.61, 88.23, 0, 270],
		[35, "H1_1", 1000, -1865, "T", "DIP", "DISPLAY_BL", "", "R", 59.05, 59.05, 39.37, 180],
		[36, "H1_1", 1000, -1865, "B", "DIP", "DISPLAY_BL", "", "R", 59.05, 59.05, 39.37, 180],
		[37, "H1_2", 900, -1865, "T", "DIP", "DISPLAY_CS", "", "C", 59.05, 59.05, 39.37, 180],
		[38, "H1_2", 900, -1865, "B", "DIP", "DISPLAY_CS", "", "C", 59.05, 59.05, 39.37, 180],
		[39, "H1_3", 800, -1865, "T", "DIP", "DISPLAY_DC", "", "C", 59.05, 59.05, 39.37, 180],
		[40, "H1_3", 800, -1865, "B", "DIP", "DISPLAY_DC", "", "C", 59.05, 59.05, 39.37, 180],
		[41, "H1_4", 700, -1865, "T", "DIP", "DISPLAY_RST", "", "C", 59.05, 59.05, 39.37, 180],
		[42, "H1_4", 700, -1865, "B", "DIP", "DISPLAY_RST", "", "C", 59.05, 59.05, 39.37, 180],
		[43, "H1_5", 600, -1865, "T", "DIP", "DISPLAY_MOSI", "", "C", 59.05, 59.05, 39.37, 180],
		[44, "H1_5", 600, -1865, "B", "DIP", "DISPLAY_MOSI", "", "C", 59.05, 59.05, 39.37, 180],
		[45, "H1_6", 500, -1865, "T", "DIP", "DISPLAY_SCK", "", "C", 59.05, 59.05, 39.37, 180],
		[46, "H1_6", 500, -1865, "B", "DIP", "DISPLAY_SCK", "", "C", 59.05, 59.05, 39.37, 180],
		[47, "H1_7", 400, -1865, "T", "DIP", "+3.3V", "", "C", 59.05, 59.05, 39.37, 180],
		[48, "H1_7", 400, -1865, "B", "DIP", "+3.3V", "", "C", 59.05, 59.05, 39.37, 180],
		[49, "H1_8", 300, -1865, "T", "DIP", "GND", "GND", "C", 59.05, 59.05, 39.37, 180],
		[50, "H1_8", 300, -1865, "B", "DIP", "GND", "GND", "C", 59.05, 59.05, 39.37, 180],
		[51, "L1_1", 929.22, -567.44, "T", "SMD", "$1N723", "", "R", 86.61, 39.37, 0, 0],
		[52, "L1_2", 929.22, -654.05, "T", "SMD", "+3.3V", "", "R", 86.61, 39.37, 0, 0],
		[53, "LED1_1", 1420, -848.07, "T", "SMD", "$1N21169", "", "R", 55.12, 62.99, 0, 270],
		[54, "LED1_2", 1420, -981.93, "T", "SMD", "+3.3V", "", "R", 55.12, 62.99, 0, 270],
		[55, "Q1_1", 927.6, -1614.37, "T", "SMD", "$1N16048", "", "R", 49.21, 27.56, 0, 270],
		[56, "Q1_2", 1002.4, -1614.37, "T", "SMD", "GND", "GND", "R", 49.21, 27.56, 0, 270],
		[57, "Q1_3", 965, -1535.63, "T", "SMD", "$1N16007", "", "R", 49.21, 27.56, 0, 270],
		[58, "R1_1", 1100, -114.66, "T", "SMD", "$1N741", "", "R", 31.75, 34.02, 0, 90],
		[59, "R1_2", 1100, -55.34, "T", "SMD", "GND", "GND", "R", 31.75, 34.02, 0, 90],
		[60, "R2_1", 674.22, -591.08, "T", "SMD", "GND", "GND", "R", 31.75, 34.02, 0, 270],
		[61, "R2_2", 674.22, -650.4, "T", "SMD", "$1N725", "", "R", 31.75, 34.02, 0, 270],
		[62, "R3_1", 1305.14, -254.89, "T", "SMD", "$1N39223", "", "R", 31.75, 34.02, 0, 0],
		[63, "R3_2", 1364.46, -254.89, "T", "SMD", "$1N2489", "", "R", 31.75, 34.02, 0, 0],
		[64, "R4_1", 1364.66, -190, "T", "SMD", "GND", "GND", "R", 31.75, 34.02, 0, 180],
		[65, "R4_2", 1305.34, -190, "T", "SMD", "$1N39223", "", "R", 31.75, 34.02, 0, 180],
		[66, "R5_1", 749.22, -721.08, "T", "SMD", "$1N725", "", "R", 31.75, 34.02, 0, 270],
		[67, "R5_2", 749.22, -780.4, "T", "SMD", "$1N727", "", "R", 31.75, 34.02, 0, 270],
		[68, "R6_1", 809.22, -780.4, "T", "SMD", "$1N728", "", "R", 31.75, 34.02, 0, 90],
		[69, "R6_2", 809.22, -721.08, "T", "SMD", "$1N727", "", "R", 31.75, 34.02, 0, 90],
		[70, "R7_1", 1165, -55.34, "T", "SMD", "GND", "GND", "R", 31.75, 34.02, 0, 270],
		[71, "R7_2", 1165, -114.66, "T", "SMD", "$1N742", "", "R", 31.75, 34.02, 0, 270],
		[72, "R8_1", 869.22, -780.4, "T", "SMD", "$1N728", "", "R", 31.75, 34.02, 0, 90],
		[73, "R8_2", 869.22, -721.08, "T", "SMD", "+3.3V", "", "R", 31.75, 34.02, 0, 90],
		[74, "R9_1", 1189.28, -685, "T", "SMD", "+5V", "", "R", 50.49, 136.06, 0, 0],
		[75, "R9_2", 1430.72, -685, "T", "SMD", "OUT_SUPPLY+5V", "", "R", 50.49, 136.06, 0, 0],
		[76, "R10_1", 495, -1069.66, "T", "SMD", "EC_A", "", "R", 31.75, 34.02, 0, 90],
		[77, "R10_2", 495, -1010.34, "T", "SMD", "+3.3V", "", "R", 31.75, 34.02, 0, 90],
		[78, "R11_1", 490, -765.34, "T", "SMD", "EC_B", "", "R", 31.75, 34.02, 0, 270],
		[79, "R11_2", 490, -824.66, "T", "SMD", "+3.3V", "", "R", 31.75, 34.02, 0, 270],
		[80, "R12_1", 925, -1739.66, "T", "SMD", "ESP_IO5", "", "R", 31.75, 34.02, 0, 90],
		[81, "R12_2", 925, -1680.34, "T", "SMD", "$1N16048", "", "R", 31.75, 34.02, 0, 90],
		[82, "R13_1", 1165, -1255.34, "T", "SMD", "GND", "GND", "R", 31.75, 34.02, 0, 270],
		[83, "R13_2", 1165, -1314.66, "T", "SMD", "$1N3698", "", "R", 31.75, 34.02, 0, 270],
		[84, "R14_1", 760.34, -1380, "T", "SMD", "ESP_IO8", "", "R", 31.75, 34.02, 0, 0],
		[85, "R14_2", 819.66, -1380, "T", "SMD", "+3.3V", "", "R", 31.75, 34.02, 0, 0],
		[86, "R15_1", 819.66, -1290, "T", "SMD", "+3.3V", "", "R", 31.75, 34.02, 0, 180],
		[87, "R15_2", 760.34, -1290, "T", "SMD", "DISPLAY_RST", "", "R", 31.75, 34.02, 0, 180],
		[88, "R16_1", 760.34, -1470, "T", "SMD", "ESP_IO7", "", "R", 31.75, 34.02, 0, 0],
		[89, "R16_2", 819.66, -1470, "T", "SMD", "+3.3V", "", "R", 31.75, 34.02, 0, 0],
		[90, "R17_1", 1165, -1194.66, "T", "SMD", "$1N3697", "", "R", 31.75, 34.02, 0, 90],
		[91, "R17_2", 1165, -1135.34, "T", "SMD", "GND", "GND", "R", 31.75, 34.02, 0, 90],
		[92, "R18_1", 185, -505.34, "T", "SMD", "ESP_EN", "", "R", 31.75, 34.02, 0, 270],
		[93, "R18_2", 185, -564.66, "T", "SMD", "+3.3V", "", "R", 31.75, 34.02, 0, 270],
		[94, "R19_1", 1215, -1029.66, "T", "SMD", "$1N3385", "", "R", 31.75, 34.02, 0, 90],
		[95, "R19_2", 1215, -970.34, "T", "SMD", "$1N3388", "", "R", 31.75, 34.02, 0, 90],
		[96, "R20_1", 1215.32, -908.65, "T", "SMD", "$1N3388", "", "R", 31.75, 34.02, 0, 90],
		[97, "R20_2", 1215.32, -849.33, "T", "SMD", "GND", "GND", "R", 31.75, 34.02, 0, 90],
		[98, "R21_1", 1154.66, -1865, "T", "SMD", "+3.3V", "", "R", 31.75, 34.02, 0, 180],
		[99, "R21_2", 1095.34, -1865, "T", "SMD", "DISPLAY_BL", "", "R", 31.75, 34.02, 0, 180],
		[100, "R22_1", 1330, -850.34, "T", "SMD", "$1N21169", "", "R", 31.75, 34.02, 0, 270],
		[101, "R22_2", 1330, -909.66, "T", "SMD", "GND", "GND", "R", 31.75, 34.02, 0, 270],
		[102, "SW1_1", 125.98, -1127.6, "T", "SMD", "SW1_1", "", "R", 47.24, 51.18, 0, 90],
		[103, "SW1_2", 125.98, -702.4, "T", "SMD", "SW1_2", "", "R", 47.24, 51.18, 0, 90],
		[104, "SW1_A", 374.02, -1072.48, "T", "SMD", "EC_A", "", "R", 51.18, 55.12, 0, 90],
		[105, "SW1_B", 374.02, -757.52, "T", "SMD", "EC_B", "", "R", 51.18, 55.12, 0, 90],
		[106, "SW1_C", 374.02, -856.93, "T", "SMD", "GND", "GND", "R", 51.18, 55.12, 0, 90],
		[107, "SW1_S", 374.02, -973.07, "T", "SMD", "EC_SW", "", "R", 51.18, 55.12, 0, 90],
		[108, "SW2_1", 85, -226.02, "T", "SMD", "DISPLAY_RST", "", "R", 48.42, 53.54, 0, 90],
		[109, "SW2_2", 85, -53.98, "T", "SMD", "GND", "GND", "R", 48.42, 53.54, 0, 90],
		[110, "SW3_1", 85, -466.02, "T", "SMD", "ESP_EN", "", "R", 48.42, 53.54, 0, 90],
		[111, "SW3_2", 85, -293.98, "T", "SMD", "GND", "GND", "R", 48.42, 53.54, 0, 90],
		[112, "U1_1", 1378.31, -387.4, "T", "SMD", "+5V", "", "R", 23.62, 39.37, 0, 90],
		[113, "U1_2", 1378.31, -350, "T", "SMD", "GND", "GND", "R", 23.62, 39.37, 0, 90],
		[114, "U1_3", 1378.31, -312.61, "T", "SMD", "$1N2489", "", "R", 23.62, 39.37, 0, 90],
		[115, "U1_4", 1291.69, -312.6, "T", "SMD", "USB+5V", "", "R", 23.62, 39.37, 0, 90],
		[116, "U1_5", 1291.69, -387.4, "T", "SMD", "USB+5V", "", "R", 23.62, 39.37, 0, 90],
		[117, "U2_1", 270, -578.09, "T", "SMD", "OUT_USB_DN-", "", "O", 22.05, 68.7, 0, 0],
		[118, "U2_2", 320, -578.09, "T", "SMD", "OUT_USB_DP+", "", "O", 22.05, 68.7, 0, 0],
		[119, "U2_3", 370, -578.09, "T", "SMD", "U2_3", "", "O", 22.05, 68.7, 0, 0],
		[120, "U2_4", 420, -578.09, "T", "SMD", "U2_4", "", "O", 22.05, 68.7, 0, 0],
		[121, "U2_5", 470, -578.09, "T", "SMD", "U2_5", "", "O", 22.05, 68.7, 0, 0],
		[122, "U2_6", 520, -578.09, "T", "SMD", "U2_6", "", "O", 22.05, 68.7, 0, 0],
		[123, "U2_7", 570, -578.09, "T", "SMD", "ESP_IO18", "", "O", 22.05, 68.7, 0, 0],
		[124, "U2_8", 620, -578.09, "T", "SMD", "ESP_IO19", "", "O", 22.05, 68.7, 0, 0],
		[125, "U2_9", 620, -351.91, "T", "SMD", "USB_DN-", "", "O", 22.05, 68.7, 0, 0],
		[126, "U2_10", 570, -351.91, "T", "SMD", "USB_DP+", "", "O", 22.05, 68.7, 0, 0],
		[127, "U2_11", 520, -351.91, "T", "SMD", "+5V", "", "O", 22.05, 68.7, 0, 0],
		[128, "U2_12", 470, -351.91, "T", "SMD", "GND", "GND", "O", 22.05, 68.7, 0, 0],
		[129, "U2_13", 420, -351.91, "T", "SMD", "$1N4195", "", "O", 22.05, 68.7, 0, 0],
		[130, "U2_14", 370, -351.91, "T", "SMD", "$1N4231", "", "O", 22.05, 68.7, 0, 0],
		[131, "U2_15", 320, -351.91, "T", "SMD", "$1N4256", "", "O", 22.05, 68.7, 0, 0],
		[132, "U2_16", 270, -351.91, "T", "SMD", "$1N4279", "", "O", 22.05, 68.7, 0, 0],
		[133, "U3_1", 841.18, -657.4, "T", "SMD", "+5V", "", "R", 43.31, 23.62, 0, 0],
		[134, "U3_2", 841.18, -620, "T", "SMD", "GND", "GND", "R", 43.31, 23.62, 0, 0],
		[135, "U3_3", 841.18, -582.6, "T", "SMD", "$1N723", "", "R", 43.31, 23.62, 0, 0],
		[136, "U3_4", 738.82, -582.6, "T", "SMD", "+5V", "", "R", 43.31, 23.62, 0, 0],
		[137, "U3_5", 738.82, -657.4, "T", "SMD", "$1N725", "", "R", 43.31, 23.62, 0, 0],
		[138, "U4_1", 724.53, -900.31, "T", "SMD", "GND", "GND", "R", 26.57, 11.02, 0, 270],
		[139, "U4_2", 704.84, -900.31, "T", "SMD", "GND", "GND", "R", 26.57, 11.02, 0, 270],
		[140, "U4_3", 685.16, -900.31, "T", "SMD", "GND", "GND", "R", 26.57, 11.02, 0, 270],
		[141, "U4_4", 665.47, -900.31, "T", "SMD", "U4_4", "", "R", 26.57, 11.02, 0, 270],
		[142, "U4_5", 655.14, -930.31, "T", "SMD", "+3.3V", "", "R", 11.02, 26.57, 0, 270],
		[143, "U4_6", 655.14, -950, "T", "SMD", "GND", "GND", "R", 11.02, 26.57, 0, 270],
		[144, "U4_7", 655.14, -969.69, "T", "SMD", "GND", "GND", "R", 11.02, 26.57, 0, 270],
		[145, "U4_8", 665.47, -999.69, "T", "SMD", "+3.3V", "", "R", 26.57, 11.02, 0, 270],
		[146, "U4_9", 685.16, -999.69, "T", "SMD", "U4_9", "", "R", 26.57, 11.02, 0, 270],
		[147, "U4_10", 704.84, -999.69, "T", "SMD", "U4_10", "", "R", 26.57, 11.02, 0, 270],
		[148, "U4_11", 724.53, -999.69, "T", "SMD", "U4_11", "", "R", 26.57, 11.02, 0, 270],
		[149, "U4_12", 734.86, -969.69, "T", "SMD", "+3.3V", "", "R", 11.02, 26.57, 0, 270],
		[150, "U4_13", 734.86, -950, "T", "SMD", "ESP_IO7", "", "R", 11.02, 26.57, 0, 270],
		[151, "U4_14", 734.86, -930.31, "T", "SMD", "ESP_IO8", "", "R", 11.02, 26.57, 0, 270],
		[152, "U5_1", 1162.48, -480.63, "T", "SMD", "GND", "GND", "R", 11.81, 51.18, 0, 270],
		[153, "U5_2", 1162.48, -500.31, "T", "SMD", "GND", "GND", "R", 11.81, 51.18, 0, 270],
		[154, "U5_3", 1162.48, -520, "T", "SMD", "U5_3", "", "R", 11.81, 51.18, 0, 270],
		[155, "U5_4", 1162.48, -539.68, "T", "SMD", "ESP_IO8", "", "R", 11.81, 51.18, 0, 270],
		[156, "U5_5", 1162.48, -559.38, "T", "SMD", "ESP_IO7", "", "R", 11.81, 51.18, 0, 270],
		[157, "U5_6", 1347.52, -559.37, "T", "SMD", "+3.3V", "", "R", 11.81, 51.18, 0, 270],
		[158, "U5_7", 1347.52, -539.68, "T", "SMD", "GND", "GND", "R", 11.81, 51.18, 0, 270],
		[159, "U5_8", 1347.52, -520, "T", "SMD", "+5V", "", "R", 11.81, 51.18, 0, 270],
		[160, "U5_9", 1347.52, -500.31, "T", "SMD", "OUT_SUPPLY+5V", "", "R", 11.81, 51.18, 0, 270],
		[161, "U5_10", 1347.52, -480.63, "T", "SMD", "+5V", "", "R", 11.81, 51.18, 0, 270],
		[162, "U6_1", 1077.6, -998.31, "T", "SMD", "OUT+5V", "", "R", 23.62, 39.37, 0, 0],
		[163, "U6_2", 1115, -998.31, "T", "SMD", "GND", "GND", "R", 23.62, 39.37, 0, 0],
		[164, "U6_3", 1152.39, -998.31, "T", "SMD", "$1N3385", "", "R", 23.62, 39.37, 0, 0],
		[165, "U6_4", 1152.4, -911.69, "T", "SMD", "ESP_IO6", "", "R", 23.62, 39.37, 0, 0],
		[166, "U6_5", 1077.6, -911.69, "T", "SMD", "OUT_SUPPLY+5V", "", "R", 23.62, 39.37, 0, 0],
		[167, "U7_1", 282.52, -1727.28, "T", "SMD", "GND", "GND", "R", 15.75, 31.5, 0, 180],
		[168, "U7_2", 314.02, -1727.28, "T", "SMD", "GND", "GND", "R", 15.75, 31.5, 0, 180],
		[169, "U7_3", 345.51, -1727.28, "T", "SMD", "+3.3V", "", "R", 15.75, 31.5, 0, 180],
		[170, "U7_4", 377.01, -1727.28, "T", "SMD", "U7_4", "", "R", 15.75, 31.5, 0, 180],
		[171, "U7_5", 408.5, -1727.28, "T", "SMD", "DISPLAY_BL", "", "R", 15.75, 31.5, 0, 180],
		[172, "U7_6", 440, -1727.28, "T", "SMD", "DISPLAY_MOSI", "", "R", 15.75, 31.5, 0, 180],
		[173, "U7_7", 471.5, -1727.28, "T", "SMD", "U7_7", "", "R", 15.75, 31.5, 0, 180],
		[174, "U7_8", 502.99, -1727.28, "T", "SMD", "ESP_EN", "", "R", 15.75, 31.5, 0, 180],
		[175, "U7_9", 534.49, -1727.28, "T", "SMD", "U7_9", "", "R", 15.75, 31.5, 0, 180],
		[176, "U7_10", 565.98, -1727.28, "T", "SMD", "U7_10", "", "R", 15.75, 31.5, 0, 180],
		[177, "U7_11", 597.48, -1727.28, "T", "SMD", "GND", "GND", "R", 15.75, 31.5, 0, 180],
		[178, "U7_12", 632.91, -1683.98, "T", "SMD", "EC_A", "", "R", 15.75, 31.5, 0, 270],
		[179, "U7_13", 632.91, -1652.48, "T", "SMD", "DISPLAY_DC", "", "R", 15.75, 31.5, 0, 270],
		[180, "U7_14", 632.91, -1620.98, "T", "SMD", "GND", "GND", "R", 15.75, 31.5, 0, 270],
		[181, "U7_15", 632.91, -1589.49, "T", "SMD", "U7_15", "", "R", 15.75, 31.5, 0, 270],
		[182, "U7_16", 632.91, -1557.99, "T", "SMD", "DISPLAY_SCK", "", "R", 15.75, 31.5, 0, 270],
		[183, "U7_17", 632.91, -1526.5, "T", "SMD", "U7_17", "", "R", 15.75, 31.5, 0, 270],
		[184, "U7_18", 632.91, -1495, "T", "SMD", "DISPLAY_CS", "", "R", 15.75, 31.5, 0, 270],
		[185, "U7_19", 632.91, -1463.5, "T", "SMD", "ESP_IO5", "", "R", 15.75, 31.5, 0, 270],
		[186, "U7_20", 632.91, -1432.01, "T", "SMD", "ESP_IO6", "", "R", 15.75, 31.5, 0, 270],
		[187, "U7_21", 632.91, -1400.51, "T", "SMD", "ESP_IO7", "", "R", 15.75, 31.5, 0, 270],
		[188, "U7_22", 632.91, -1369.02, "T", "SMD", "ESP_IO8", "", "R", 15.75, 31.5, 0, 270],
		[189, "U7_23", 632.91, -1337.52, "T", "SMD", "DISPLAY_RST", "", "R", 15.75, 31.5, 0, 270],
		[190, "U7_24", 632.91, -1306.02, "T", "SMD", "U7_24", "", "R", 15.75, 31.5, 0, 270],
		[191, "U7_25", 597.48, -1262.72, "T", "SMD", "U7_25", "", "R", 15.75, 31.5, 0, 0],
		[192, "U7_26", 565.98, -1262.72, "T", "SMD", "ESP_IO18", "", "R", 15.75, 31.5, 0, 0],
		[193, "U7_27", 534.49, -1262.72, "T", "SMD", "ESP_IO19", "", "R", 15.75, 31.5, 0, 0],
		[194, "U7_28", 502.99, -1262.72, "T", "SMD", "U7_28", "", "R", 15.75, 31.5, 0, 0],
		[195, "U7_29", 471.5, -1262.72, "T", "SMD", "U7_29", "", "R", 15.75, 31.5, 0, 0],
		[196, "U7_30", 440, -1262.72, "T", "SMD", "EC_SW", "", "R", 15.75, 31.5, 0, 0],
		[197, "U7_31", 408.5, -1262.72, "T", "SMD", "EC_B", "", "R", 15.75, 31.5, 0, 0],
		[198, "U7_32", 377.01, -1262.72, "T", "SMD", "U7_32", "", "R", 15.75, 31.5, 0, 0],
		[199, "U7_33", 345.51, -1262.72, "T", "SMD", "U7_33", "", "R", 15.75, 31.5, 0, 0],
		[200, "U7_34", 314.02, -1262.72, "T", "SMD", "U7_34", "", "R", 15.75, 31.5, 0, 0],
		[201, "U7_35", 282.52, -1262.72, "T", "SMD", "U7_35", "", "R", 15.75, 31.5, 0, 0],
		[202, "U7_36", 247.09, -1306.02, "T", "SMD", "GND", "GND", "R", 15.75, 31.5, 0, 90],
		[203, "U7_37", 247.09, -1337.52, "T", "SMD", "GND", "GND", "R", 15.75, 31.5, 0, 90],
		[204, "U7_38", 247.09, -1369.02, "T", "SMD", "GND", "GND", "R", 15.75, 31.5, 0, 90],
		[205, "U7_39", 247.09, -1400.51, "T", "SMD", "GND", "GND", "R", 15.75, 31.5, 0, 90],
		[206, "U7_40", 247.09, -1432.01, "T", "SMD", "GND", "GND", "R", 15.75, 31.5, 0, 90],
		[207, "U7_41", 247.09, -1463.5, "T", "SMD", "GND", "GND", "R", 15.75, 31.5, 0, 90],
		[208, "U7_42", 247.09, -1495, "T", "SMD", "GND", "GND", "R", 15.75, 31.5, 0, 90],
		[209, "U7_43", 247.09, -1526.5, "T", "SMD", "GND", "GND", "R", 15.75, 31.5, 0, 90],
		[210, "U7_44", 247.09, -1557.99, "T", "SMD", "GND", "GND", "R", 15.75, 31.5, 0, 90],
		[211, "U7_45", 247.09, -1589.49, "T", "SMD", "GND", "GND", "R", 15.75, 31.5, 0, 90],
		[212, "U7_46", 247.09, -1620.98, "T", "SMD", "GND", "GND", "R", 15.75, 31.5, 0, 90],
		[213, "U7_47", 247.09, -1652.48, "T", "SMD", "GND", "GND", "R", 15.75, 31.5, 0, 90],
		[214, "U7_48", 247.09, -1683.98, "T", "SMD", "GND", "GND", "R", 15.75, 31.5, 0, 90],
		[215, "U7_49", 362.24, -1572.76, "T", "SMD", "GND", "GND", "P", 57.09, 57.09, 0, 90],
		[216, "U7_49", 517.76, -1417.25, "T", "SMD", "GND", "GND", "R", 57.09, 57.09, 0, 90],
		[217, "U7_49", 517.76, -1495, "T", "SMD", "GND", "GND", "R", 57.09, 57.09, 0, 90],
		[218, "U7_49", 517.76, -1572.76, "T", "SMD", "GND", "GND", "R", 57.09, 57.09, 0, 90],
		[219, "U7_49", 440, -1572.76, "T", "SMD", "GND", "GND", "R", 57.09, 57.09, 0, 90],
		[220, "U7_49", 362.25, -1495, "T", "SMD", "GND", "GND", "R", 57.09, 57.09, 0, 90],
		[221, "U7_49", 362.25, -1417.25, "T", "SMD", "GND", "GND", "R", 57.09, 57.09, 0, 90],
		[222, "U7_49", 440, -1417.25, "T", "SMD", "GND", "GND", "R", 57.09, 57.09, 0, 90],
		[223, "U7_49", 440, -1495, "T", "SMD", "GND", "GND", "R", 57.09, 57.09, 0, 90],
		[224, "U7_50", 245.12, -1260.75, "T", "SMD", "GND", "GND", "R", 27.56, 27.56, 0, 90],
		[225, "U7_51", 634.88, -1260.75, "T", "SMD", "GND", "GND", "R", 27.56, 27.56, 0, 90],
		[226, "U7_52", 634.88, -1729.25, "T", "SMD", "GND", "GND", "R", 27.56, 27.56, 0, 90],
		[227, "U7_53", 245.12, -1729.25, "T", "SMD", "GND", "GND", "R", 27.56, 27.56, 0, 90],
		[228, "USB1_1", 874.02, -250.99, "T", "SMD", "GND", "GND", "R", 21.65, 43.31, 0, 180],
		[229, "USB1_2", 842.52, -250.99, "T", "SMD", "USB+5V", "", "R", 21.65, 43.31, 0, 180],
		[230, "USB1_3", 816.93, -250.99, "T", "SMD", "USB1_3", "", "R", 11.81, 43.31, 0, 180],
		[231, "USB1_4", 797.24, -250.99, "T", "SMD", "$1N742", "", "R", 11.81, 43.31, 0, 180],
		[232, "USB1_5", 777.56, -250.99, "T", "SMD", "USB_DN-", "", "R", 11.81, 43.31, 0, 180],
		[233, "USB1_6", 757.88, -250.99, "T", "SMD", "USB_DP+", "", "R", 11.81, 43.31, 0, 180],
		[234, "USB1_7", 738.19, -250.99, "T", "SMD", "USB_DN-", "", "R", 11.81, 43.31, 0, 180],
		[235, "USB1_8", 718.51, -250.99, "T", "SMD", "USB_DP+", "", "R", 11.81, 43.31, 0, 180],
		[236, "USB1_9", 698.82, -250.99, "T", "SMD", "USB1_9", "", "R", 11.81, 43.31, 0, 180],
		[237, "USB1_10", 679.13, -250.99, "T", "SMD", "$1N741", "", "R", 11.81, 43.31, 0, 180],
		[238, "USB1_11", 653.54, -250.99, "T", "SMD", "USB+5V", "", "R", 21.65, 43.31, 0, 180],
		[239, "USB1_12", 622.05, -250.99, "T", "SMD", "GND", "GND", "R", 21.65, 43.31, 0, 180],
		[240, "USB1_13", 918.31, -229.34, "T", "DIP", "GND", "GND", "O", 43.31, 78.74, 59.05, 180],
		[241, "USB1_13", 918.31, -229.34, "B", "DIP", "GND", "GND", "O", 43.31, 78.74, 59.05, 180],
		[242, "USB1_13", 918.31, -63.98, "T", "DIP", "GND", "GND", "O", 47.24, 70.87, 47.24, 180],
		[243, "USB1_13", 918.31, -63.98, "B", "DIP", "GND", "GND", "O", 47.24, 70.87, 47.24, 180],
		[244, "USB1_14", 577.76, -229.34, "T", "DIP", "GND", "GND", "O", 43.31, 78.74, 59.06, 180],
		[245, "USB1_14", 577.76, -229.34, "B", "DIP", "GND", "GND", "O", 43.31, 78.74, 59.06, 180],
		[246, "USB1_14", 577.76, -63.98, "T", "DIP", "GND", "GND", "O", 47.24, 70.87, 47.24, 180],
		[247, "USB1_14", 577.76, -63.98, "B", "DIP", "GND", "GND", "O", 47.24, 70.87, 47.24, 180],
		[248, "USB2_1", 1251.5, -1390.99, "T", "SMD", "GND", "GND", "R", 21.65, 43.31, 0, 90],
		[249, "USB2_2", 1251.5, -1359.48, "T", "SMD", "OUT+5V", "", "R", 21.65, 43.31, 0, 90],
		[250, "USB2_3", 1251.5, -1333.89, "T", "SMD", "USB2_3", "", "R", 11.81, 43.31, 0, 90],
		[251, "USB2_4", 1251.5, -1314.2, "T", "SMD", "$1N3698", "", "R", 11.81, 43.31, 0, 90],
		[252, "USB2_5", 1251.5, -1294.52, "T", "SMD", "OUT_USB_DN-", "", "R", 11.81, 43.31, 0, 90],
		[253, "USB2_6", 1251.5, -1274.85, "T", "SMD", "OUT_USB_DP+", "", "R", 11.81, 43.31, 0, 90],
		[254, "USB2_7", 1251.5, -1255.15, "T", "SMD", "OUT_USB_DN-", "", "R", 11.81, 43.31, 0, 90],
		[255, "USB2_8", 1251.5, -1235.47, "T", "SMD", "OUT_USB_DP+", "", "R", 11.81, 43.31, 0, 90],
		[256, "USB2_9", 1251.5, -1215.79, "T", "SMD", "USB2_9", "", "R", 11.81, 43.31, 0, 90],
		[257, "USB2_10", 1251.5, -1196.1, "T", "SMD", "$1N3697", "", "R", 11.81, 43.31, 0, 90],
		[258, "USB2_11", 1251.5, -1170.51, "T", "SMD", "OUT+5V", "", "R", 21.65, 43.31, 0, 90],
		[259, "USB2_12", 1251.5, -1139.01, "T", "SMD", "GND", "GND", "R", 21.65, 43.31, 0, 90],
		[260, "USB2_13", 1273.14, -1435.28, "T", "DIP", "GND", "GND", "O", 43.31, 78.74, 59.05, 90],
		[261, "USB2_13", 1273.14, -1435.28, "B", "DIP", "GND", "GND", "O", 43.31, 78.74, 59.05, 90],
		[262, "USB2_13", 1438.51, -1435.28, "T", "DIP", "GND", "GND", "O", 47.24, 70.87, 47.24, 90],
		[263, "USB2_13", 1438.51, -1435.28, "B", "DIP", "GND", "GND", "O", 47.24, 70.87, 47.24, 90],
		[264, "USB2_14", 1273.14, -1094.72, "T", "DIP", "GND", "GND", "O", 43.31, 78.74, 59.06, 90],
		[265, "USB2_14", 1273.14, -1094.72, "B", "DIP", "GND", "GND", "O", 43.31, 78.74, 59.06, 90],
		[266, "USB2_14", 1438.51, -1094.72, "T", "DIP", "GND", "GND", "O", 47.24, 70.87, 47.24, 90],
		[267, "USB2_14", 1438.51, -1094.72, "B", "DIP", "GND", "GND", "O", 47.24, 70.87, 47.24, 90],
		[268, "X1_1", 333.31, -131.54, "T", "SMD", "$1N4256", "", "R", 55.12, 47.24, 0, 180],
		[269, "X1_2", 246.69, -131.53, "T", "SMD", "GND", "GND", "R", 55.12, 47.24, 0, 180],
		[270, "X1_3", 246.69, -198.46, "T", "SMD", "$1N4279", "", "R", 55.12, 47.24, 0, 180],
		[271, "X1_4", 333.31, -198.46, "T", "SMD", "GND", "GND", "R", 55.12, 47.24, 0, 180]
	]
}
}